timeStamp,elapsed,label,responseCode,responseMessage,threadName,dataType,success,failureMessage,bytes,sentBytes,grpThreads,allThreads,URL,Latency,IdleTime,Connect
1773141751262,141,Article List Get,200,,Article List Test 3-2,text,true,,20169,172,2,6,http://localhost:8072/articles?page=1&size=10,133,0,2
1773141750866,537,Article List Get,200,,Article List Test 3-1,text,true,,20169,172,2,6,http://localhost:8072/articles?page=1&size=10,529,0,43
1773141751403,28,Article List Get,200,,Article List Test 3-1,text,true,,20169,172,2,6,http://localhost:8072/articles?page=1&size=10,26,0,0
1773141751403,28,Article List Get,200,,Article List Test 3-2,text,true,,20169,172,2,6,http://localhost:8072/articles?page=1&size=10,26,0,0
1773141751431,26,Article List Get,200,,Article List Test 3-2,text,true,,20169,172,2,5,http://localhost:8072/articles?page=1&size=10,25,0,0
1773141751431,26,Article List Get,200,,Article List Test 3-1,text,true,,20169,172,2,5,http://localhost:8072/articles?page=1&size=10,25,0,0
1773141751458,24,Article List Get,200,,Article List Test 3-1,text,true,,20169,172,2,5,http://localhost:8072/articles?page=1&size=10,22,0,0
1773141751458,25,Article List Get,200,,Article List Test 3-2,text,true,,20169,172,2,5,http://localhost:8072/articles?page=1&size=10,24,0,0
1773141751482,31,Article List Get,200,,Article List Test 3-1,text,true,,20169,172,2,5,http://localhost:8072/articles?page=1&size=10,29,0,0
1773141751484,29,Article List Get,200,,Article List Test 3-2,text,true,,20169,172,2,5,http://localhost:8072/articles?page=1&size=10,27,0,0
1773141751513,26,Article List Get,200,,Article List Test 3-1,text,true,,20169,172,2,4,http://localhost:8072/articles?page=1&size=10,24,0,0
1773141751513,26,Article List Get,200,,Article List Test 3-2,text,true,,20169,172,2,4,http://localhost:8072/articles?page=1&size=10,24,0,0
1773141751539,23,Article List Get,200,,Article List Test 3-1,text,true,,20169,172,2,4,http://localhost:8072/articles?page=1&size=10,22,0,0
1773141751540,22,Article List Get,200,,Article List Test 3-2,text,true,,20169,172,2,4,http://localhost:8072/articles?page=1&size=10,21,0,0
1773141751563,38,Article List Get,200,,Article List Test 3-1,text,true,,20169,172,2,4,http://localhost:8072/articles?page=1&size=10,35,0,0
1773141751563,49,Article List Get,200,,Article List Test 3-2,text,true,,20169,172,2,4,http://localhost:8072/articles?page=1&size=10,37,0,0
1773141751601,59,Article List Get,200,,Article List Test 3-1,text,true,,20169,172,2,4,http://localhost:8072/articles?page=1&size=10,59,0,0
1773141751613,47,Article List Get,200,,Article List Test 3-2,text,true,,20169,172,2,4,http://localhost:8072/articles?page=1&size=10,46,0,0
1773141751661,27,Article List Get,200,,Article List Test 3-2,text,true,,20169,172,2,4,http://localhost:8072/articles?page=1&size=10,25,0,0
1773141751661,32,Article List Get,200,,Article List Test 3-1,text,true,,20169,172,2,4,http://localhost:8072/articles?page=1&size=10,30,0,0
1773141751688,29,Article List Get,200,,Article List Test 3-2,text,true,,20169,172,2,4,http://localhost:8072/articles?page=1&size=10,27,0,0
1773141751694,26,Article List Get,200,,Article List Test 3-1,text,true,,20169,172,2,4,http://localhost:8072/articles?page=1&size=10,24,0,0
1773141751717,22,Article List Get,200,,Article List Test 3-2,text,true,,20169,172,2,4,http://localhost:8072/articles?page=1&size=10,22,0,0
1773141751720,25,Article List Get,200,,Article List Test 3-1,text,true,,20169,172,2,4,http://localhost:8072/articles?page=1&size=10,24,0,0
1773141751740,20,Article List Get,200,,Article List Test 3-2,text,true,,20169,172,2,6,http://localhost:8072/articles?page=1&size=10,18,0,0
1773141751745,22,Article List Get,200,,Article List Test 3-1,text,true,,20169,172,3,7,http://localhost:8072/articles?page=1&size=10,21,0,0
1773141751760,21,Article List Get,200,,Article List Test 3-2,text,true,,20169,172,3,7,http://localhost:8072/articles?page=1&size=10,20,0,0
1773141751763,22,Article List Get,200,,Article List Test 3-3,text,true,,20169,172,3,7,http://localhost:8072/articles?page=1&size=10,21,0,2
1773141751768,23,Article List Get,200,,Article List Test 3-1,text,true,,20169,172,3,7,http://localhost:8072/articles?page=1&size=10,21,0,0
1773141751782,18,Article List Get,200,,Article List Test 3-2,text,true,,20169,172,3,7,http://localhost:8072/articles?page=1&size=10,18,0,0
1773141751786,18,Article List Get,200,,Article List Test 3-3,text,true,,20169,172,3,7,http://localhost:8072/articles?page=1&size=10,16,0,0
1773141751791,18,Article List Get,200,,Article List Test 3-1,text,true,,20169,172,3,6,http://localhost:8072/articles?page=1&size=10,18,0,0
1773141751801,19,Article List Get,200,,Article List Test 3-2,text,true,,20169,172,3,6,http://localhost:8072/articles?page=1&size=10,19,0,0
1773141751804,17,Article List Get,200,,Article List Test 3-3,text,true,,20169,172,3,6,http://localhost:8072/articles?page=1&size=10,16,0,0
1773141751810,17,Article List Get,200,,Article List Test 3-1,text,true,,20169,172,3,6,http://localhost:8072/articles?page=1&size=10,16,0,0
1773141751821,19,Article List Get,200,,Article List Test 3-2,text,true,,20169,172,3,6,http://localhost:8072/articles?page=1&size=10,18,0,0
1773141751821,19,Article List Get,200,,Article List Test 3-3,text,true,,20169,172,3,6,http://localhost:8072/articles?page=1&size=10,18,0,0
1773141751828,17,Article List Get,200,,Article List Test 3-1,text,true,,20169,172,3,6,http://localhost:8072/articles?page=1&size=10,16,0,0
1773141751840,17,Article List Get,200,,Article List Test 3-3,text,true,,20169,172,3,6,http://localhost:8072/articles?page=1&size=10,16,0,0
1773141751840,17,Article List Get,200,,Article List Test 3-2,text,true,,20169,172,3,6,http://localhost:8072/articles?page=1&size=10,16,0,0
1773141751845,19,Article List Get,200,,Article List Test 3-1,text,true,,20169,172,3,6,http://localhost:8072/articles?page=1&size=10,18,0,0
1773141751858,15,Article List Get,200,,Article List Test 3-2,text,true,,20169,172,3,6,http://localhost:8072/articles?page=1&size=10,14,0,0
1773141751858,15,Article List Get,200,,Article List Test 3-3,text,true,,20169,172,3,6,http://localhost:8072/articles?page=1&size=10,14,0,0
1773141751864,17,Article List Get,200,,Article List Test 3-1,text,true,,20169,172,3,6,http://localhost:8072/articles?page=1&size=10,16,0,0
1773141751873,14,Article List Get,200,,Article List Test 3-3,text,true,,20169,172,3,6,http://localhost:8072/articles?page=1&size=10,14,0,0
1773141751873,14,Article List Get,200,,Article List Test 3-2,text,true,,20169,172,3,6,http://localhost:8072/articles?page=1&size=10,14,0,0
1773141751882,16,Article List Get,200,,Article List Test 3-1,text,true,,20169,172,3,6,http://localhost:8072/articles?page=1&size=10,15,0,0
1773141751888,14,Article List Get,200,,Article List Test 3-3,text,true,,20169,172,3,6,http://localhost:8072/articles?page=1&size=10,13,0,0
1773141751888,14,Article List Get,200,,Article List Test 3-2,text,true,,20169,172,3,6,http://localhost:8072/articles?page=1&size=10,13,0,0
1773141751898,17,Article List Get,200,,Article List Test 3-1,text,true,,20169,172,3,6,http://localhost:8072/articles?page=1&size=10,15,0,0
1773141751902,16,Article List Get,200,,Article List Test 3-2,text,true,,20169,172,3,6,http://localhost:8072/articles?page=1&size=10,15,0,0
1773141751902,16,Article List Get,200,,Article List Test 3-3,text,true,,20169,172,3,6,http://localhost:8072/articles?page=1&size=10,15,0,0
1773141751916,19,Article List Get,200,,Article List Test 3-1,text,true,,20169,172,3,6,http://localhost:8072/articles?page=1&size=10,18,0,0
1773141751919,16,Article List Get,200,,Article List Test 3-3,text,true,,20169,172,3,6,http://localhost:8072/articles?page=1&size=10,15,0,0
1773141751919,16,Article List Get,200,,Article List Test 3-2,text,true,,20169,172,3,6,http://localhost:8072/articles?page=1&size=10,15,0,0
1773141751936,14,Article List Get,200,,Article List Test 3-1,text,true,,20169,172,3,6,http://localhost:8072/articles?page=1&size=10,13,0,0
1773141751936,14,Article List Get,200,,Article List Test 3-3,text,true,,20169,172,3,6,http://localhost:8072/articles?page=1&size=10,13,0,0
1773141751936,14,Article List Get,200,,Article List Test 3-2,text,true,,20169,172,3,6,http://localhost:8072/articles?page=1&size=10,13,0,0
1773141751951,15,Article List Get,200,,Article List Test 3-2,text,true,,20169,172,3,6,http://localhost:8072/articles?page=1&size=10,14,0,0
1773141751951,15,Article List Get,200,,Article List Test 3-3,text,true,,20169,172,3,6,http://localhost:8072/articles?page=1&size=10,14,0,0
1773141751951,15,Article List Get,200,,Article List Test 3-1,text,true,,20169,172,3,6,http://localhost:8072/articles?page=1&size=10,14,0,0
1773141751966,17,Article List Get,200,,Article List Test 3-2,text,true,,20169,172,3,6,http://localhost:8072/articles?page=1&size=10,17,0,0
1773141751966,17,Article List Get,200,,Article List Test 3-3,text,true,,20169,172,3,6,http://localhost:8072/articles?page=1&size=10,17,0,0
1773141751966,17,Article List Get,200,,Article List Test 3-1,text,true,,20169,172,3,6,http://localhost:8072/articles?page=1&size=10,16,0,0
1773141751984,15,Article List Get,200,,Article List Test 3-1,text,true,,20169,172,3,5,http://localhost:8072/articles?page=1&size=10,14,0,0
1773141751984,15,Article List Get,200,,Article List Test 3-3,text,true,,20169,172,3,5,http://localhost:8072/articles?page=1&size=10,14,0,0
1773141751984,15,Article List Get,200,,Article List Test 3-2,text,true,,20169,172,3,5,http://localhost:8072/articles?page=1&size=10,14,0,0
1773141751999,15,Article List Get,200,,Article List Test 3-2,text,true,,20169,172,3,5,http://localhost:8072/articles?page=1&size=10,14,0,0
1773141751999,15,Article List Get,200,,Article List Test 3-1,text,true,,20169,172,3,5,http://localhost:8072/articles?page=1&size=10,14,0,0
1773141751999,15,Article List Get,200,,Article List Test 3-3,text,true,,20169,172,3,5,http://localhost:8072/articles?page=1&size=10,14,0,0
1773141752014,14,Article List Get,200,,Article List Test 3-1,text,true,,20169,172,3,5,http://localhost:8072/articles?page=1&size=10,14,0,0
1773141752014,14,Article List Get,200,,Article List Test 3-3,text,true,,20169,172,3,5,http://localhost:8072/articles?page=1&size=10,14,0,0
1773141752014,14,Article List Get,200,,Article List Test 3-2,text,true,,20169,172,3,5,http://localhost:8072/articles?page=1&size=10,14,0,0
1773141752028,13,Article List Get,200,,Article List Test 3-2,text,true,,20169,172,3,5,http://localhost:8072/articles?page=1&size=10,12,0,0
1773141752028,13,Article List Get,200,,Article List Test 3-1,text,true,,20169,172,3,5,http://localhost:8072/articles?page=1&size=10,12,0,0
1773141752028,13,Article List Get,200,,Article List Test 3-3,text,true,,20169,172,3,5,http://localhost:8072/articles?page=1&size=10,12,0,0
1773141752041,13,Article List Get,200,,Article List Test 3-3,text,true,,20169,172,3,5,http://localhost:8072/articles?page=1&size=10,13,0,0
1773141752041,13,Article List Get,200,,Article List Test 3-2,text,true,,20169,172,3,5,http://localhost:8072/articles?page=1&size=10,13,0,0
1773141752041,13,Article List Get,200,,Article List Test 3-1,text,true,,20169,172,3,5,http://localhost:8072/articles?page=1&size=10,13,0,0
1773141752055,16,Article List Get,200,,Article List Test 3-3,text,true,,20169,172,3,5,http://localhost:8072/articles?page=1&size=10,16,0,0
1773141752055,16,Article List Get,200,,Article List Test 3-1,text,true,,20169,172,3,5,http://localhost:8072/articles?page=1&size=10,16,0,0
1773141752055,16,Article List Get,200,,Article List Test 3-2,text,true,,20169,172,3,5,http://localhost:8072/articles?page=1&size=10,16,0,0
1773141752072,13,Article List Get,200,,Article List Test 3-3,text,true,,20169,172,3,5,http://localhost:8072/articles?page=1&size=10,12,0,0
1773141752072,13,Article List Get,200,,Article List Test 3-1,text,true,,20169,172,3,5,http://localhost:8072/articles?page=1&size=10,12,0,0
1773141752072,13,Article List Get,200,,Article List Test 3-2,text,true,,20169,172,3,5,http://localhost:8072/articles?page=1&size=10,12,0,0
1773141752085,14,Article List Get,200,,Article List Test 3-1,text,true,,20169,172,3,5,http://localhost:8072/articles?page=1&size=10,13,0,0
1773141752085,14,Article List Get,200,,Article List Test 3-3,text,true,,20169,172,3,5,http://localhost:8072/articles?page=1&size=10,13,0,0
1773141752085,14,Article List Get,200,,Article List Test 3-2,text,true,,20169,172,3,5,http://localhost:8072/articles?page=1&size=10,13,0,0
1773141752099,14,Article List Get,200,,Article List Test 3-3,text,true,,20169,172,3,5,http://localhost:8072/articles?page=1&size=10,13,0,0
1773141752099,14,Article List Get,200,,Article List Test 3-1,text,true,,20169,172,3,5,http://localhost:8072/articles?page=1&size=10,13,0,0
1773141752099,14,Article List Get,200,,Article List Test 3-2,text,true,,20169,172,3,5,http://localhost:8072/articles?page=1&size=10,13,0,0
1773141752113,12,Article List Get,200,,Article List Test 3-1,text,true,,20169,172,3,5,http://localhost:8072/articles?page=1&size=10,11,0,0
1773141752113,12,Article List Get,200,,Article List Test 3-3,text,true,,20169,172,3,5,http://localhost:8072/articles?page=1&size=10,11,0,0
1773141752113,12,Article List Get,200,,Article List Test 3-2,text,true,,20169,172,3,5,http://localhost:8072/articles?page=1&size=10,11,0,0
1773141752125,12,Article List Get,200,,Article List Test 3-2,text,true,,20169,172,3,4,http://localhost:8072/articles?page=1&size=10,11,0,0
1773141752125,12,Article List Get,200,,Article List Test 3-1,text,true,,20169,172,3,4,http://localhost:8072/articles?page=1&size=10,11,0,0
1773141752125,12,Article List Get,200,,Article List Test 3-3,text,true,,20169,172,3,4,http://localhost:8072/articles?page=1&size=10,11,0,0
1773141752137,12,Article List Get,200,,Article List Test 3-3,text,true,,20169,172,3,4,http://localhost:8072/articles?page=1&size=10,12,0,0
1773141752137,12,Article List Get,200,,Article List Test 3-1,text,true,,20169,172,3,4,http://localhost:8072/articles?page=1&size=10,12,0,0
1773141752137,12,Article List Get,200,,Article List Test 3-2,text,true,,20169,172,3,4,http://localhost:8072/articles?page=1&size=10,12,0,0
1773141752149,13,Article List Get,200,,Article List Test 3-3,text,true,,20169,172,3,4,http://localhost:8072/articles?page=1&size=10,12,0,0
1773141752149,13,Article List Get,200,,Article List Test 3-1,text,true,,20169,172,3,4,http://localhost:8072/articles?page=1&size=10,12,0,0
1773141752150,12,Article List Get,200,,Article List Test 3-2,text,true,,20169,172,3,4,http://localhost:8072/articles?page=1&size=10,11,0,0
1773141752162,13,Article List Get,200,,Article List Test 3-1,text,true,,20169,172,3,4,http://localhost:8072/articles?page=1&size=10,13,0,0
1773141752162,13,Article List Get,200,,Article List Test 3-2,text,true,,20169,172,3,4,http://localhost:8072/articles?page=1&size=10,13,0,0
1773141752162,13,Article List Get,200,,Article List Test 3-3,text,true,,20169,172,3,4,http://localhost:8072/articles?page=1&size=10,13,0,0
1773141752175,11,Article List Get,200,,Article List Test 3-2,text,true,,20169,172,3,4,http://localhost:8072/articles?page=1&size=10,11,0,0
1773141752175,11,Article List Get,200,,Article List Test 3-3,text,true,,20169,172,3,4,http://localhost:8072/articles?page=1&size=10,11,0,0
1773141752175,11,Article List Get,200,,Article List Test 3-1,text,true,,20169,172,3,4,http://localhost:8072/articles?page=1&size=10,11,0,0
1773141752187,13,Article List Get,200,,Article List Test 3-1,text,true,,20169,172,3,4,http://localhost:8072/articles?page=1&size=10,12,0,0
1773141752187,13,Article List Get,200,,Article List Test 3-2,text,true,,20169,172,3,4,http://localhost:8072/articles?page=1&size=10,12,0,0
1773141752187,13,Article List Get,200,,Article List Test 3-3,text,true,,20169,172,3,4,http://localhost:8072/articles?page=1&size=10,12,0,0
1773141752200,13,Article List Get,200,,Article List Test 3-2,text,true,,20169,172,3,4,http://localhost:8072/articles?page=1&size=10,13,0,0
1773141752200,13,Article List Get,200,,Article List Test 3-3,text,true,,20169,172,3,4,http://localhost:8072/articles?page=1&size=10,13,0,0
1773141752200,13,Article List Get,200,,Article List Test 3-1,text,true,,20169,172,3,4,http://localhost:8072/articles?page=1&size=10,13,0,0
1773141752214,13,Article List Get,200,,Article List Test 3-2,text,true,,20169,172,3,4,http://localhost:8072/articles?page=1&size=10,12,0,0
1773141752214,13,Article List Get,200,,Article List Test 3-1,text,true,,20169,172,3,4,http://localhost:8072/articles?page=1&size=10,12,0,0
1773141752214,13,Article List Get,200,,Article List Test 3-3,text,true,,20169,172,3,4,http://localhost:8072/articles?page=1&size=10,12,0,0
1773141752227,16,Article List Get,200,,Article List Test 3-1,text,true,,20169,172,3,4,http://localhost:8072/articles?page=1&size=10,15,0,0
1773141752227,16,Article List Get,200,,Article List Test 3-2,text,true,,20169,172,3,4,http://localhost:8072/articles?page=1&size=10,15,0,0
1773141752227,16,Article List Get,200,,Article List Test 3-3,text,true,,20169,172,3,4,http://localhost:8072/articles?page=1&size=10,15,0,0
1773141752243,14,Article List Get,200,,Article List Test 3-1,text,true,,20169,172,3,6,http://localhost:8072/articles?page=1&size=10,13,0,0
1773141752243,14,Article List Get,200,,Article List Test 3-2,text,true,,20169,172,3,6,http://localhost:8072/articles?page=1&size=10,13,0,0
1773141752243,14,Article List Get,200,,Article List Test 3-3,text,true,,20169,172,3,6,http://localhost:8072/articles?page=1&size=10,13,0,0
1773141752257,15,Article List Get,200,,Article List Test 3-2,text,true,,20169,172,4,7,http://localhost:8072/articles?page=1&size=10,15,0,0
1773141752257,15,Article List Get,200,,Article List Test 3-1,text,true,,20169,172,4,7,http://localhost:8072/articles?page=1&size=10,15,0,0
1773141752257,15,Article List Get,200,,Article List Test 3-3,text,true,,20169,172,4,7,http://localhost:8072/articles?page=1&size=10,15,0,0
1773141752262,24,Article List Get,200,,Article List Test 3-4,text,true,,20169,172,4,7,http://localhost:8072/articles?page=1&size=10,24,0,3
1773141752273,16,Article List Get,200,,Article List Test 3-3,text,true,,20169,172,4,7,http://localhost:8072/articles?page=1&size=10,15,0,0
1773141752273,16,Article List Get,200,,Article List Test 3-1,text,true,,20169,172,4,7,http://localhost:8072/articles?page=1&size=10,16,0,0
1773141752273,22,Article List Get,200,,Article List Test 3-2,text,true,,20169,172,4,7,http://localhost:8072/articles?page=1&size=10,20,0,0
1773141752287,20,Article List Get,200,,Article List Test 3-4,text,true,,20169,172,4,7,http://localhost:8072/articles?page=1&size=10,18,0,0
1773141752290,20,Article List Get,200,,Article List Test 3-3,text,true,,20169,172,4,7,http://localhost:8072/articles?page=1&size=10,19,0,0
1773141752290,22,Article List Get,200,,Article List Test 3-1,text,true,,20169,172,4,7,http://localhost:8072/articles?page=1&size=10,21,0,0
1773141752296,18,Article List Get,200,,Article List Test 3-2,text,true,,20169,172,4,7,http://localhost:8072/articles?page=1&size=10,18,0,0
1773141752310,18,Article List Get,200,,Article List Test 3-3,text,true,,20169,172,4,7,http://localhost:8072/articles?page=1&size=10,16,0,0
1773141752307,21,Article List Get,200,,Article List Test 3-4,text,true,,20169,172,4,7,http://localhost:8072/articles?page=1&size=10,19,0,0
1773141752312,21,Article List Get,200,,Article List Test 3-1,text,true,,20169,172,4,6,http://localhost:8072/articles?page=1&size=10,21,0,0
1773141752315,19,Article List Get,200,,Article List Test 3-2,text,true,,20169,172,4,6,http://localhost:8072/articles?page=1&size=10,18,0,0
1773141752328,14,Article List Get,200,,Article List Test 3-4,text,true,,20169,172,3,5,http://localhost:8072/articles?page=1&size=10,14,0,0
1773141752328,14,Article List Get,200,,Article List Test 3-3,text,true,,20169,172,3,5,http://localhost:8072/articles?page=1&size=10,14,0,0
1773141752334,14,Article List Get,200,,Article List Test 3-1,text,true,,20169,172,3,5,http://localhost:8072/articles?page=1&size=10,14,0,0
1773141752343,15,Article List Get,200,,Article List Test 3-3,text,true,,20169,172,2,4,http://localhost:8072/articles?page=1&size=10,14,0,0
1773141752343,15,Article List Get,200,,Article List Test 3-4,text,true,,20169,172,2,4,http://localhost:8072/articles?page=1&size=10,14,0,0
1773141752358,17,Article List Get,200,,Article List Test 3-4,text,true,,20169,172,2,4,http://localhost:8072/articles?page=1&size=10,16,0,0
1773141752358,17,Article List Get,200,,Article List Test 3-3,text,true,,20169,172,2,4,http://localhost:8072/articles?page=1&size=10,16,0,0
1773141752375,12,Article List Get,200,,Article List Test 3-4,text,true,,20169,172,2,4,http://localhost:8072/articles?page=1&size=10,12,0,0
1773141752375,12,Article List Get,200,,Article List Test 3-3,text,true,,20169,172,2,4,http://localhost:8072/articles?page=1&size=10,12,0,0
1773141752388,10,Article List Get,200,,Article List Test 3-4,text,true,,20169,172,2,4,http://localhost:8072/articles?page=1&size=10,10,0,0
1773141752388,10,Article List Get,200,,Article List Test 3-3,text,true,,20169,172,2,4,http://localhost:8072/articles?page=1&size=10,10,0,0
1773141752399,11,Article List Get,200,,Article List Test 3-4,text,true,,20169,172,2,4,http://localhost:8072/articles?page=1&size=10,11,0,0
1773141752399,11,Article List Get,200,,Article List Test 3-3,text,true,,20169,172,2,4,http://localhost:8072/articles?page=1&size=10,11,0,0
1773141752410,12,Article List Get,200,,Article List Test 3-4,text,true,,20169,172,2,4,http://localhost:8072/articles?page=1&size=10,11,0,0
1773141752410,12,Article List Get,200,,Article List Test 3-3,text,true,,20169,172,2,4,http://localhost:8072/articles?page=1&size=10,11,0,0
1773141752422,9,Article List Get,200,,Article List Test 3-3,text,true,,20169,172,2,4,http://localhost:8072/articles?page=1&size=10,9,0,0
1773141752422,9,Article List Get,200,,Article List Test 3-4,text,true,,20169,172,2,4,http://localhost:8072/articles?page=1&size=10,9,0,0
1773141752431,9,Article List Get,200,,Article List Test 3-3,text,true,,20169,172,2,4,http://localhost:8072/articles?page=1&size=10,9,0,0
1773141752431,9,Article List Get,200,,Article List Test 3-4,text,true,,20169,172,2,4,http://localhost:8072/articles?page=1&size=10,9,0,0
1773141752441,12,Article List Get,200,,Article List Test 3-4,text,true,,20169,172,2,4,http://localhost:8072/articles?page=1&size=10,11,0,0
1773141752441,12,Article List Get,200,,Article List Test 3-3,text,true,,20169,172,2,4,http://localhost:8072/articles?page=1&size=10,11,0,0
1773141752453,11,Article List Get,200,,Article List Test 3-3,text,true,,20169,172,2,4,http://localhost:8072/articles?page=1&size=10,11,0,0
1773141752453,11,Article List Get,200,,Article List Test 3-4,text,true,,20169,172,2,4,http://localhost:8072/articles?page=1&size=10,11,0,0
1773141752465,9,Article List Get,200,,Article List Test 3-3,text,true,,20169,172,2,4,http://localhost:8072/articles?page=1&size=10,8,0,0
1773141752465,9,Article List Get,200,,Article List Test 3-4,text,true,,20169,172,2,4,http://localhost:8072/articles?page=1&size=10,8,0,0
1773141752474,12,Article List Get,200,,Article List Test 3-3,text,true,,20169,172,2,4,http://localhost:8072/articles?page=1&size=10,11,0,0
1773141752474,12,Article List Get,200,,Article List Test 3-4,text,true,,20169,172,2,4,http://localhost:8072/articles?page=1&size=10,11,0,0
1773141752486,9,Article List Get,200,,Article List Test 3-4,text,true,,20169,172,1,3,http://localhost:8072/articles?page=1&size=10,9,0,0
1773141752496,9,Article List Get,200,,Article List Test 3-4,text,true,,20169,172,1,3,http://localhost:8072/articles?page=1&size=10,8,0,0
1773141752505,10,Article List Get,200,,Article List Test 3-4,text,true,,20169,172,1,3,http://localhost:8072/articles?page=1&size=10,10,0,0
1773141752516,8,Article List Get,200,,Article List Test 3-4,text,true,,20169,172,1,3,http://localhost:8072/articles?page=1&size=10,8,0,0
1773141752525,9,Article List Get,200,,Article List Test 3-4,text,true,,20169,172,1,3,http://localhost:8072/articles?page=1&size=10,9,0,0
1773141752534,10,Article List Get,200,,Article List Test 3-4,text,true,,20169,172,1,3,http://localhost:8072/articles?page=1&size=10,10,0,0
1773141752544,10,Article List Get,200,,Article List Test 3-4,text,true,,20169,172,1,3,http://localhost:8072/articles?page=1&size=10,9,0,0
1773141752554,11,Article List Get,200,,Article List Test 3-4,text,true,,20169,172,1,2,http://localhost:8072/articles?page=1&size=10,10,0,0
1773141752565,10,Article List Get,200,,Article List Test 3-4,text,true,,20169,172,1,2,http://localhost:8072/articles?page=1&size=10,9,0,0
1773141752575,8,Article List Get,200,,Article List Test 3-4,text,true,,20169,172,1,2,http://localhost:8072/articles?page=1&size=10,8,0,0
1773141752583,8,Article List Get,200,,Article List Test 3-4,text,true,,20169,172,1,2,http://localhost:8072/articles?page=1&size=10,8,0,0
1773141752591,9,Article List Get,200,,Article List Test 3-4,text,true,,20169,172,1,2,http://localhost:8072/articles?page=1&size=10,8,0,0
1773141752600,9,Article List Get,200,,Article List Test 3-4,text,true,,20169,172,1,2,http://localhost:8072/articles?page=1&size=10,9,0,0
1773141752609,9,Article List Get,200,,Article List Test 3-4,text,true,,20169,172,1,2,http://localhost:8072/articles?page=1&size=10,8,0,0
1773141752618,8,Article List Get,200,,Article List Test 3-4,text,true,,20169,172,1,2,http://localhost:8072/articles?page=1&size=10,8,0,0
1773141752627,10,Article List Get,200,,Article List Test 3-4,text,true,,20169,172,1,2,http://localhost:8072/articles?page=1&size=10,10,0,0
1773141752637,9,Article List Get,200,,Article List Test 3-4,text,true,,20169,172,1,2,http://localhost:8072/articles?page=1&size=10,8,0,0
1773141752646,8,Article List Get,200,,Article List Test 3-4,text,true,,20169,172,1,2,http://localhost:8072/articles?page=1&size=10,8,0,0
1773141752654,9,Article List Get,200,,Article List Test 3-4,text,true,,20169,172,1,2,http://localhost:8072/articles?page=1&size=10,9,0,0
1773141752663,11,Article List Get,200,,Article List Test 3-4,text,true,,20169,172,1,2,http://localhost:8072/articles?page=1&size=10,10,0,0
1773141752674,8,Article List Get,200,,Article List Test 3-4,text,true,,20169,172,1,2,http://localhost:8072/articles?page=1&size=10,8,0,0
1773141752683,8,Article List Get,200,,Article List Test 3-4,text,true,,20169,172,1,1,http://localhost:8072/articles?page=1&size=10,8,0,0
1773141752691,11,Article List Get,200,,Article List Test 3-4,text,true,,20169,172,1,1,http://localhost:8072/articles?page=1&size=10,10,0,0
1773141752702,9,Article List Get,200,,Article List Test 3-4,text,true,,20169,172,1,1,http://localhost:8072/articles?page=1&size=10,9,0,0
1773141752711,9,Article List Get,200,,Article List Test 3-4,text,true,,20169,172,1,1,http://localhost:8072/articles?page=1&size=10,9,0,0
1773141752721,10,Article List Get,200,,Article List Test 3-4,text,true,,20169,172,1,1,http://localhost:8072/articles?page=1&size=10,9,0,0
1773141752731,9,Article List Get,200,,Article List Test 3-4,text,true,,20169,172,1,1,http://localhost:8072/articles?page=1&size=10,9,0,0
1773141752740,9,Article List Get,200,,Article List Test 3-4,text,true,,20169,172,1,2,http://localhost:8072/articles?page=1&size=10,9,0,0
1773141752749,11,Article List Get,200,,Article List Test 3-4,text,true,,20169,172,1,3,http://localhost:8072/articles?page=1&size=10,10,0,0
1773141752760,12,Article List Get,200,,Article List Test 3-4,text,true,,20169,172,2,4,http://localhost:8072/articles?page=1&size=10,11,0,0
1773141752762,13,Article List Get,200,,Article List Test 3-5,text,true,,20169,172,2,4,http://localhost:8072/articles?page=1&size=10,12,0,2
1773141752772,10,Article List Get,200,,Article List Test 3-4,text,true,,20169,172,2,4,http://localhost:8072/articles?page=1&size=10,9,0,0
1773141752775,9,Article List Get,200,,Article List Test 3-5,text,true,,20169,172,2,4,http://localhost:8072/articles?page=1&size=10,8,0,0
1773141752782,11,Article List Get,200,,Article List Test 3-4,text,true,,20169,172,2,4,http://localhost:8072/articles?page=1&size=10,11,0,0
1773141752784,12,Article List Get,200,,Article List Test 3-5,text,true,,20169,172,2,4,http://localhost:8072/articles?page=1&size=10,11,0,0
1773141752794,11,Article List Get,200,,Article List Test 3-4,text,true,,20169,172,2,4,http://localhost:8072/articles?page=1&size=10,10,0,0
1773141752796,11,Article List Get,200,,Article List Test 3-5,text,true,,20169,172,2,4,http://localhost:8072/articles?page=1&size=10,11,0,0
1773141752805,11,Article List Get,200,,Article List Test 3-4,text,true,,20169,172,2,4,http://localhost:8072/articles?page=1&size=10,10,0,0
1773141752807,11,Article List Get,200,,Article List Test 3-5,text,true,,20169,172,1,3,http://localhost:8072/articles?page=1&size=10,11,0,0
1773141752819,11,Article List Get,200,,Article List Test 3-5,text,true,,20169,172,1,3,http://localhost:8072/articles?page=1&size=10,11,0,0
1773141752831,11,Article List Get,200,,Article List Test 3-5,text,true,,20169,172,1,3,http://localhost:8072/articles?page=1&size=10,10,0,0
1773141752842,13,Article List Get,200,,Article List Test 3-5,text,true,,20169,172,1,3,http://localhost:8072/articles?page=1&size=10,12,0,0
1773141752855,11,Article List Get,200,,Article List Test 3-5,text,true,,20169,172,1,3,http://localhost:8072/articles?page=1&size=10,11,0,0
1773141752866,14,Article List Get,200,,Article List Test 3-5,text,true,,20169,172,1,3,http://localhost:8072/articles?page=1&size=10,14,0,0
1773141752880,11,Article List Get,200,,Article List Test 3-5,text,true,,20169,172,1,3,http://localhost:8072/articles?page=1&size=10,10,0,0
1773141752891,11,Article List Get,200,,Article List Test 3-5,text,true,,20169,172,1,3,http://localhost:8072/articles?page=1&size=10,10,0,0
1773141752902,9,Article List Get,200,,Article List Test 3-5,text,true,,20169,172,1,3,http://localhost:8072/articles?page=1&size=10,9,0,0
1773141752911,9,Article List Get,200,,Article List Test 3-5,text,true,,20169,172,1,3,http://localhost:8072/articles?page=1&size=10,9,0,0
1773141752920,11,Article List Get,200,,Article List Test 3-5,text,true,,20169,172,1,3,http://localhost:8072/articles?page=1&size=10,10,0,0
1773141752931,9,Article List Get,200,,Article List Test 3-5,text,true,,20169,172,1,3,http://localhost:8072/articles?page=1&size=10,8,0,0
1773141752940,9,Article List Get,200,,Article List Test 3-5,text,true,,20169,172,1,3,http://localhost:8072/articles?page=1&size=10,9,0,0
1773141752949,11,Article List Get,200,,Article List Test 3-5,text,true,,20169,172,1,3,http://localhost:8072/articles?page=1&size=10,10,0,0
1773141752960,11,Article List Get,200,,Article List Test 3-5,text,true,,20169,172,1,3,http://localhost:8072/articles?page=1&size=10,10,0,0
1773141752971,11,Article List Get,200,,Article List Test 3-5,text,true,,20169,172,1,3,http://localhost:8072/articles?page=1&size=10,11,0,0
1773141752983,9,Article List Get,200,,Article List Test 3-5,text,true,,20169,172,1,3,http://localhost:8072/articles?page=1&size=10,9,0,0
1773141752992,11,Article List Get,200,,Article List Test 3-5,text,true,,20169,172,1,3,http://localhost:8072/articles?page=1&size=10,10,0,0
1773141753003,10,Article List Get,200,,Article List Test 3-5,text,true,,20169,172,1,3,http://localhost:8072/articles?page=1&size=10,10,0,0
1773141753014,9,Article List Get,200,,Article List Test 3-5,text,true,,20169,172,1,3,http://localhost:8072/articles?page=1&size=10,9,0,0
1773141753024,9,Article List Get,200,,Article List Test 3-5,text,true,,20169,172,1,2,http://localhost:8072/articles?page=1&size=10,8,0,0
1773141753033,8,Article List Get,200,,Article List Test 3-5,text,true,,20169,172,1,2,http://localhost:8072/articles?page=1&size=10,8,0,0
1773141753041,10,Article List Get,200,,Article List Test 3-5,text,true,,20169,172,1,2,http://localhost:8072/articles?page=1&size=10,10,0,0
1773141753051,9,Article List Get,200,,Article List Test 3-5,text,true,,20169,172,1,2,http://localhost:8072/articles?page=1&size=10,9,0,0
1773141753060,9,Article List Get,200,,Article List Test 3-5,text,true,,20169,172,1,2,http://localhost:8072/articles?page=1&size=10,9,0,0
1773141753069,11,Article List Get,200,,Article List Test 3-5,text,true,,20169,172,1,2,http://localhost:8072/articles?page=1&size=10,10,0,0
1773141753080,10,Article List Get,200,,Article List Test 3-5,text,true,,20169,172,1,2,http://localhost:8072/articles?page=1&size=10,9,0,0
1773141753090,9,Article List Get,200,,Article List Test 3-5,text,true,,20169,172,1,2,http://localhost:8072/articles?page=1&size=10,8,0,0
1773141753099,11,Article List Get,200,,Article List Test 3-5,text,true,,20169,172,1,2,http://localhost:8072/articles?page=1&size=10,10,0,0
1773141753110,9,Article List Get,200,,Article List Test 3-5,text,true,,20169,172,1,2,http://localhost:8072/articles?page=1&size=10,9,0,0
1773141753119,10,Article List Get,200,,Article List Test 3-5,text,true,,20169,172,1,2,http://localhost:8072/articles?page=1&size=10,9,0,0
1773141753129,10,Article List Get,200,,Article List Test 3-5,text,true,,20169,172,1,2,http://localhost:8072/articles?page=1&size=10,10,0,0
1773141753140,9,Article List Get,200,,Article List Test 3-5,text,true,,20169,172,1,2,http://localhost:8072/articles?page=1&size=10,8,0,0
1773141753149,9,Article List Get,200,,Article List Test 3-5,text,true,,20169,172,1,2,http://localhost:8072/articles?page=1&size=10,8,0,0
1773141753158,9,Article List Get,200,,Article List Test 3-5,text,true,,20169,172,1,1,http://localhost:8072/articles?page=1&size=10,9,0,0
1773141753167,9,Article List Get,200,,Article List Test 3-5,text,true,,20169,172,1,1,http://localhost:8072/articles?page=1&size=10,9,0,0
1773141753176,8,Article List Get,200,,Article List Test 3-5,text,true,,20169,172,1,1,http://localhost:8072/articles?page=1&size=10,8,0,0
1773141753184,8,Article List Get,200,,Article List Test 3-5,text,true,,20169,172,1,1,http://localhost:8072/articles?page=1&size=10,8,0,0
1773141753192,10,Article List Get,200,,Article List Test 3-5,text,true,,20169,172,1,1,http://localhost:8072/articles?page=1&size=10,9,0,0
1773141753202,7,Article List Get,200,,Article List Test 3-5,text,true,,20169,172,1,1,http://localhost:8072/articles?page=1&size=10,7,0,0
1773141753210,7,Article List Get,200,,Article List Test 3-5,text,true,,20169,172,1,1,http://localhost:8072/articles?page=1&size=10,7,0,0
1773141753218,8,Article List Get,200,,Article List Test 3-5,text,true,,20169,172,1,1,http://localhost:8072/articles?page=1&size=10,7,0,0
1773141753226,9,Article List Get,200,,Article List Test 3-5,text,true,,20169,172,1,1,http://localhost:8072/articles?page=1&size=10,8,0,0
1773141753235,8,Article List Get,200,,Article List Test 3-5,text,true,,20169,172,1,1,http://localhost:8072/articles?page=1&size=10,8,0,0
1773141753243,10,Article List Get,200,,Article List Test 3-5,text,true,,20169,172,1,2,http://localhost:8072/articles?page=1&size=10,9,0,0
1773141753253,11,Article List Get,200,,Article List Test 3-5,text,true,,20169,172,2,4,http://localhost:8072/articles?page=1&size=10,10,0,0
1773141753262,12,Article List Get,200,,Article List Test 3-6,text,true,,20169,172,1,3,http://localhost:8072/articles?page=1&size=10,12,0,2
1773141753275,9,Article List Get,200,,Article List Test 3-6,text,true,,20169,172,1,3,http://localhost:8072/articles?page=1&size=10,8,0,0
1773141753284,12,Article List Get,200,,Article List Test 3-6,text,true,,20169,172,1,3,http://localhost:8072/articles?page=1&size=10,11,0,0
1773141753296,10,Article List Get,200,,Article List Test 3-6,text,true,,20169,172,1,3,http://localhost:8072/articles?page=1&size=10,9,0,0
1773141753306,10,Article List Get,200,,Article List Test 3-6,text,true,,20169,172,1,3,http://localhost:8072/articles?page=1&size=10,9,0,0
1773141753316,12,Article List Get,200,,Article List Test 3-6,text,true,,20169,172,1,3,http://localhost:8072/articles?page=1&size=10,12,0,0
1773141753328,11,Article List Get,200,,Article List Test 3-6,text,true,,20169,172,1,3,http://localhost:8072/articles?page=1&size=10,11,0,0
1773141753340,11,Article List Get,200,,Article List Test 3-6,text,true,,20169,172,1,3,http://localhost:8072/articles?page=1&size=10,10,0,0
1773141753351,14,Article List Get,200,,Article List Test 3-6,text,true,,20169,172,1,3,http://localhost:8072/articles?page=1&size=10,14,0,0
1773141753365,12,Article List Get,200,,Article List Test 3-6,text,true,,20169,172,1,3,http://localhost:8072/articles?page=1&size=10,11,0,0
1773141753377,12,Article List Get,200,,Article List Test 3-6,text,true,,20169,172,1,3,http://localhost:8072/articles?page=1&size=10,12,0,0
1773141753389,11,Article List Get,200,,Article List Test 3-6,text,true,,20169,172,1,3,http://localhost:8072/articles?page=1&size=10,11,0,0
1773141753401,10,Article List Get,200,,Article List Test 3-6,text,true,,20169,172,1,3,http://localhost:8072/articles?page=1&size=10,10,0,0
1773141753411,12,Article List Get,200,,Article List Test 3-6,text,true,,20169,172,1,3,http://localhost:8072/articles?page=1&size=10,12,0,0
1773141753423,12,Article List Get,200,,Article List Test 3-6,text,true,,20169,172,1,3,http://localhost:8072/articles?page=1&size=10,11,0,0
1773141753435,10,Article List Get,200,,Article List Test 3-6,text,true,,20169,172,1,3,http://localhost:8072/articles?page=1&size=10,9,0,0
1773141753445,12,Article List Get,200,,Article List Test 3-6,text,true,,20169,172,1,3,http://localhost:8072/articles?page=1&size=10,11,0,0
1773141753457,13,Article List Get,200,,Article List Test 3-6,text,true,,20169,172,1,3,http://localhost:8072/articles?page=1&size=10,12,0,0
1773141753470,12,Article List Get,200,,Article List Test 3-6,text,true,,20169,172,1,3,http://localhost:8072/articles?page=1&size=10,11,0,0
1773141753482,10,Article List Get,200,,Article List Test 3-6,text,true,,20169,172,1,3,http://localhost:8072/articles?page=1&size=10,10,0,0
1773141753493,11,Article List Get,200,,Article List Test 3-6,text,true,,20169,172,1,3,http://localhost:8072/articles?page=1&size=10,10,0,0
1773141753504,13,Article List Get,200,,Article List Test 3-6,text,true,,20169,172,1,3,http://localhost:8072/articles?page=1&size=10,12,0,0
1773141753517,11,Article List Get,200,,Article List Test 3-6,text,true,,20169,172,1,3,http://localhost:8072/articles?page=1&size=10,11,0,0
1773141753528,15,Article List Get,200,,Article List Test 3-6,text,true,,20169,172,1,2,http://localhost:8072/articles?page=1&size=10,15,0,0
1773141753543,11,Article List Get,200,,Article List Test 3-6,text,true,,20169,172,1,2,http://localhost:8072/articles?page=1&size=10,10,0,0
1773141753554,9,Article List Get,200,,Article List Test 3-6,text,true,,20169,172,1,2,http://localhost:8072/articles?page=1&size=10,9,0,0
1773141753564,11,Article List Get,200,,Article List Test 3-6,text,true,,20169,172,1,2,http://localhost:8072/articles?page=1&size=10,10,0,0
1773141753575,9,Article List Get,200,,Article List Test 3-6,text,true,,20169,172,1,2,http://localhost:8072/articles?page=1&size=10,8,0,0
1773141753584,8,Article List Get,200,,Article List Test 3-6,text,true,,20169,172,1,2,http://localhost:8072/articles?page=1&size=10,8,0,0
1773141753592,11,Article List Get,200,,Article List Test 3-6,text,true,,20169,172,1,2,http://localhost:8072/articles?page=1&size=10,10,0,0
1773141753603,9,Article List Get,200,,Article List Test 3-6,text,true,,20169,172,1,2,http://localhost:8072/articles?page=1&size=10,9,0,0
1773141753612,9,Article List Get,200,,Article List Test 3-6,text,true,,20169,172,1,2,http://localhost:8072/articles?page=1&size=10,9,0,0
1773141753621,8,Article List Get,200,,Article List Test 3-6,text,true,,20169,172,1,2,http://localhost:8072/articles?page=1&size=10,7,0,0
1773141753629,9,Article List Get,200,,Article List Test 3-6,text,true,,20169,172,1,2,http://localhost:8072/articles?page=1&size=10,9,0,0
1773141753638,9,Article List Get,200,,Article List Test 3-6,text,true,,20169,172,1,1,http://localhost:8072/articles?page=1&size=10,8,0,0
1773141753647,7,Article List Get,200,,Article List Test 3-6,text,true,,20169,172,1,1,http://localhost:8072/articles?page=1&size=10,7,0,0
1773141753654,9,Article List Get,200,,Article List Test 3-6,text,true,,20169,172,1,1,http://localhost:8072/articles?page=1&size=10,8,0,0
1773141753663,8,Article List Get,200,,Article List Test 3-6,text,true,,20169,172,1,1,http://localhost:8072/articles?page=1&size=10,8,0,0
1773141753671,9,Article List Get,200,,Article List Test 3-6,text,true,,20169,172,1,1,http://localhost:8072/articles?page=1&size=10,9,0,0
1773141753680,8,Article List Get,200,,Article List Test 3-6,text,true,,20169,172,1,1,http://localhost:8072/articles?page=1&size=10,8,0,0
1773141753688,8,Article List Get,200,,Article List Test 3-6,text,true,,20169,172,1,1,http://localhost:8072/articles?page=1&size=10,8,0,0
1773141753696,8,Article List Get,200,,Article List Test 3-6,text,true,,20169,172,1,1,http://localhost:8072/articles?page=1&size=10,8,0,0
1773141753704,8,Article List Get,200,,Article List Test 3-6,text,true,,20169,172,1,1,http://localhost:8072/articles?page=1&size=10,7,0,0
1773141753712,7,Article List Get,200,,Article List Test 3-6,text,true,,20169,172,1,1,http://localhost:8072/articles?page=1&size=10,7,0,0
1773141753720,7,Article List Get,200,,Article List Test 3-6,text,true,,20169,172,1,1,http://localhost:8072/articles?page=1&size=10,7,0,0
1773141753727,9,Article List Get,200,,Article List Test 3-6,text,true,,20169,172,1,1,http://localhost:8072/articles?page=1&size=10,9,0,0
1773141753736,7,Article List Get,200,,Article List Test 3-6,text,true,,20169,172,1,1,http://localhost:8072/articles?page=1&size=10,7,0,0
1773141753743,8,Article List Get,200,,Article List Test 3-6,text,true,,20169,172,1,2,http://localhost:8072/articles?page=1&size=10,7,0,0
1773141753751,8,Article List Get,200,,Article List Test 3-6,text,true,,20169,172,1,3,http://localhost:8072/articles?page=1&size=10,7,0,0
1773141753759,7,Article List Get,200,,Article List Test 3-6,text,true,,20169,172,2,4,http://localhost:8072/articles?page=1&size=10,7,0,0
1773141753760,10,Article List Get,200,,Article List Test 3-7,text,true,,20169,172,1,3,http://localhost:8072/articles?page=1&size=10,10,0,2
1773141753770,8,Article List Get,200,,Article List Test 3-7,text,true,,20169,172,1,3,http://localhost:8072/articles?page=1&size=10,8,0,0
1773141753778,8,Article List Get,200,,Article List Test 3-7,text,true,,20169,172,1,3,http://localhost:8072/articles?page=1&size=10,7,0,0
1773141753786,9,Article List Get,200,,Article List Test 3-7,text,true,,20169,172,1,3,http://localhost:8072/articles?page=1&size=10,9,0,0
1773141753795,7,Article List Get,200,,Article List Test 3-7,text,true,,20169,172,1,3,http://localhost:8072/articles?page=1&size=10,7,0,0
1773141753802,9,Article List Get,200,,Article List Test 3-7,text,true,,20169,172,1,3,http://localhost:8072/articles?page=1&size=10,9,0,0
1773141753811,8,Article List Get,200,,Article List Test 3-7,text,true,,20169,172,1,3,http://localhost:8072/articles?page=1&size=10,8,0,0
1773141753820,8,Article List Get,200,,Article List Test 3-7,text,true,,20169,172,1,3,http://localhost:8072/articles?page=1&size=10,8,0,0
1773141753828,8,Article List Get,200,,Article List Test 3-7,text,true,,20169,172,1,3,http://localhost:8072/articles?page=1&size=10,8,0,0
1773141753836,8,Article List Get,200,,Article List Test 3-7,text,true,,20169,172,1,3,http://localhost:8072/articles?page=1&size=10,8,0,0
1773141753844,8,Article List Get,200,,Article List Test 3-7,text,true,,20169,172,1,3,http://localhost:8072/articles?page=1&size=10,7,0,0
1773141753852,9,Article List Get,200,,Article List Test 3-7,text,true,,20169,172,1,3,http://localhost:8072/articles?page=1&size=10,9,0,0
1773141753861,7,Article List Get,200,,Article List Test 3-7,text,true,,20169,172,1,3,http://localhost:8072/articles?page=1&size=10,7,0,0
1773141753869,8,Article List Get,200,,Article List Test 3-7,text,true,,20169,172,1,3,http://localhost:8072/articles?page=1&size=10,7,0,0
1773141753877,7,Article List Get,200,,Article List Test 3-7,text,true,,20169,172,1,3,http://localhost:8072/articles?page=1&size=10,6,0,0
1773141753884,8,Article List Get,200,,Article List Test 3-7,text,true,,20169,172,1,3,http://localhost:8072/articles?page=1&size=10,8,0,0
1773141753892,8,Article List Get,200,,Article List Test 3-7,text,true,,20169,172,1,3,http://localhost:8072/articles?page=1&size=10,8,0,0
1773141753901,7,Article List Get,200,,Article List Test 3-7,text,true,,20169,172,1,3,http://localhost:8072/articles?page=1&size=10,7,0,0
1773141753909,7,Article List Get,200,,Article List Test 3-7,text,true,,20169,172,1,3,http://localhost:8072/articles?page=1&size=10,7,0,0
1773141753916,9,Article List Get,200,,Article List Test 3-7,text,true,,20169,172,1,3,http://localhost:8072/articles?page=1&size=10,9,0,0
1773141753926,8,Article List Get,200,,Article List Test 3-7,text,true,,20169,172,1,3,http://localhost:8072/articles?page=1&size=10,8,0,0
1773141753934,9,Article List Get,200,,Article List Test 3-7,text,true,,20169,172,1,3,http://localhost:8072/articles?page=1&size=10,8,0,0
1773141753943,8,Article List Get,200,,Article List Test 3-7,text,true,,20169,172,1,3,http://localhost:8072/articles?page=1&size=10,8,0,0
1773141753952,8,Article List Get,200,,Article List Test 3-7,text,true,,20169,172,1,3,http://localhost:8072/articles?page=1&size=10,7,0,0
1773141753960,10,Article List Get,200,,Article List Test 3-7,text,true,,20169,172,1,3,http://localhost:8072/articles?page=1&size=10,9,0,0
1773141753970,11,Article List Get,200,,Article List Test 3-7,text,true,,20169,172,1,3,http://localhost:8072/articles?page=1&size=10,11,0,0
1773141753982,13,Article List Get,200,,Article List Test 3-7,text,true,,20169,172,1,3,http://localhost:8072/articles?page=1&size=10,12,0,0
1773141753995,12,Article List Get,200,,Article List Test 3-7,text,true,,20169,172,1,2,http://localhost:8072/articles?page=1&size=10,12,0,0
1773141754008,13,Article List Get,200,,Article List Test 3-7,text,true,,20169,172,1,2,http://localhost:8072/articles?page=1&size=10,12,0,0
1773141754021,11,Article List Get,200,,Article List Test 3-7,text,true,,20169,172,1,2,http://localhost:8072/articles?page=1&size=10,10,0,0
1773141754032,11,Article List Get,200,,Article List Test 3-7,text,true,,20169,172,1,2,http://localhost:8072/articles?page=1&size=10,10,0,0
1773141754043,9,Article List Get,200,,Article List Test 3-7,text,true,,20169,172,1,2,http://localhost:8072/articles?page=1&size=10,9,0,0
1773141754052,9,Article List Get,200,,Article List Test 3-7,text,true,,20169,172,1,2,http://localhost:8072/articles?page=1&size=10,9,0,0
1773141754061,9,Article List Get,200,,Article List Test 3-7,text,true,,20169,172,1,2,http://localhost:8072/articles?page=1&size=10,8,0,0
1773141754070,9,Article List Get,200,,Article List Test 3-7,text,true,,20169,172,1,2,http://localhost:8072/articles?page=1&size=10,9,0,0
1773141754080,9,Article List Get,200,,Article List Test 3-7,text,true,,20169,172,1,2,http://localhost:8072/articles?page=1&size=10,9,0,0
1773141754089,10,Article List Get,200,,Article List Test 3-7,text,true,,20169,172,1,2,http://localhost:8072/articles?page=1&size=10,9,0,0
1773141754099,12,Article List Get,200,,Article List Test 3-7,text,true,,20169,172,1,2,http://localhost:8072/articles?page=1&size=10,11,0,0
1773141754111,14,Article List Get,200,,Article List Test 3-7,text,true,,20169,172,1,2,http://localhost:8072/articles?page=1&size=10,14,0,0
1773141754125,9,Article List Get,200,,Article List Test 3-7,text,true,,20169,172,1,2,http://localhost:8072/articles?page=1&size=10,9,0,0
1773141754134,10,Article List Get,200,,Article List Test 3-7,text,true,,20169,172,1,1,http://localhost:8072/articles?page=1&size=10,10,0,0
1773141754145,8,Article List Get,200,,Article List Test 3-7,text,true,,20169,172,1,1,http://localhost:8072/articles?page=1&size=10,8,0,0
1773141754153,8,Article List Get,200,,Article List Test 3-7,text,true,,20169,172,1,1,http://localhost:8072/articles?page=1&size=10,8,0,0
1773141754161,10,Article List Get,200,,Article List Test 3-7,text,true,,20169,172,1,1,http://localhost:8072/articles?page=1&size=10,10,0,0
1773141754171,8,Article List Get,200,,Article List Test 3-7,text,true,,20169,172,1,1,http://localhost:8072/articles?page=1&size=10,8,0,0
1773141754179,8,Article List Get,200,,Article List Test 3-7,text,true,,20169,172,1,1,http://localhost:8072/articles?page=1&size=10,8,0,0
1773141754187,9,Article List Get,200,,Article List Test 3-7,text,true,,20169,172,1,1,http://localhost:8072/articles?page=1&size=10,9,0,0
1773141754196,9,Article List Get,200,,Article List Test 3-7,text,true,,20169,172,1,1,http://localhost:8072/articles?page=1&size=10,9,0,0
1773141754205,9,Article List Get,200,,Article List Test 3-7,text,true,,20169,172,1,1,http://localhost:8072/articles?page=1&size=10,8,0,0
1773141754214,8,Article List Get,200,,Article List Test 3-7,text,true,,20169,172,1,1,http://localhost:8072/articles?page=1&size=10,8,0,0
1773141754260,10,Article List Get,200,,Article List Test 3-8,text,true,,20169,172,1,3,http://localhost:8072/articles?page=1&size=10,10,0,1
1773141754271,7,Article List Get,200,,Article List Test 3-8,text,true,,20169,172,1,3,http://localhost:8072/articles?page=1&size=10,7,0,0
1773141754279,8,Article List Get,200,,Article List Test 3-8,text,true,,20169,172,1,3,http://localhost:8072/articles?page=1&size=10,7,0,0
1773141754287,9,Article List Get,200,,Article List Test 3-8,text,true,,20169,172,1,3,http://localhost:8072/articles?page=1&size=10,8,0,0
1773141754296,8,Article List Get,200,,Article List Test 3-8,text,true,,20169,172,1,3,http://localhost:8072/articles?page=1&size=10,8,0,0
1773141754304,8,Article List Get,200,,Article List Test 3-8,text,true,,20169,172,1,3,http://localhost:8072/articles?page=1&size=10,7,0,0
1773141754312,8,Article List Get,200,,Article List Test 3-8,text,true,,20169,172,1,3,http://localhost:8072/articles?page=1&size=10,7,0,0
1773141754320,10,Article List Get,200,,Article List Test 3-8,text,true,,20169,172,1,3,http://localhost:8072/articles?page=1&size=10,10,0,0
1773141754330,9,Article List Get,200,,Article List Test 3-8,text,true,,20169,172,1,3,http://localhost:8072/articles?page=1&size=10,9,0,0
1773141754339,10,Article List Get,200,,Article List Test 3-8,text,true,,20169,172,1,3,http://localhost:8072/articles?page=1&size=10,10,0,0
1773141754349,12,Article List Get,200,,Article List Test 3-8,text,true,,20169,172,1,3,http://localhost:8072/articles?page=1&size=10,11,0,0
1773141754361,9,Article List Get,200,,Article List Test 3-8,text,true,,20169,172,1,3,http://localhost:8072/articles?page=1&size=10,9,0,0
1773141754370,9,Article List Get,200,,Article List Test 3-8,text,true,,20169,172,1,3,http://localhost:8072/articles?page=1&size=10,9,0,0
1773141754379,9,Article List Get,200,,Article List Test 3-8,text,true,,20169,172,1,3,http://localhost:8072/articles?page=1&size=10,9,0,0
1773141754388,8,Article List Get,200,,Article List Test 3-8,text,true,,20169,172,1,3,http://localhost:8072/articles?page=1&size=10,8,0,0
1773141754396,10,Article List Get,200,,Article List Test 3-8,text,true,,20169,172,1,3,http://localhost:8072/articles?page=1&size=10,10,0,0
1773141754406,9,Article List Get,200,,Article List Test 3-8,text,true,,20169,172,1,3,http://localhost:8072/articles?page=1&size=10,8,0,0
1773141754415,8,Article List Get,200,,Article List Test 3-8,text,true,,20169,172,1,3,http://localhost:8072/articles?page=1&size=10,8,0,0
1773141754423,9,Article List Get,200,,Article List Test 3-8,text,true,,20169,172,1,3,http://localhost:8072/articles?page=1&size=10,8,0,0
1773141754432,8,Article List Get,200,,Article List Test 3-8,text,true,,20169,172,1,3,http://localhost:8072/articles?page=1&size=10,8,0,0
1773141754440,8,Article List Get,200,,Article List Test 3-8,text,true,,20169,172,1,3,http://localhost:8072/articles?page=1&size=10,8,0,0
1773141754448,9,Article List Get,200,,Article List Test 3-8,text,true,,20169,172,1,3,http://localhost:8072/articles?page=1&size=10,9,0,0
1773141754457,10,Article List Get,200,,Article List Test 3-8,text,true,,20169,172,1,3,http://localhost:8072/articles?page=1&size=10,9,0,0
1773141754467,8,Article List Get,200,,Article List Test 3-8,text,true,,20169,172,1,3,http://localhost:8072/articles?page=1&size=10,8,0,0
1773141754476,9,Article List Get,200,,Article List Test 3-8,text,true,,20169,172,1,3,http://localhost:8072/articles?page=1&size=10,9,0,0
1773141754486,8,Article List Get,200,,Article List Test 3-8,text,true,,20169,172,1,3,http://localhost:8072/articles?page=1&size=10,7,0,0
1773141754494,9,Article List Get,200,,Article List Test 3-8,text,true,,20169,172,1,3,http://localhost:8072/articles?page=1&size=10,9,0,0
1773141754503,9,Article List Get,200,,Article List Test 3-8,text,true,,20169,172,1,2,http://localhost:8072/articles?page=1&size=10,9,0,0
1773141754512,9,Article List Get,200,,Article List Test 3-8,text,true,,20169,172,1,2,http://localhost:8072/articles?page=1&size=10,9,0,0
1773141754521,8,Article List Get,200,,Article List Test 3-8,text,true,,20169,172,1,2,http://localhost:8072/articles?page=1&size=10,8,0,0
1773141754529,8,Article List Get,200,,Article List Test 3-8,text,true,,20169,172,1,2,http://localhost:8072/articles?page=1&size=10,7,0,0
1773141754537,10,Article List Get,200,,Article List Test 3-8,text,true,,20169,172,1,2,http://localhost:8072/articles?page=1&size=10,9,0,0
1773141754547,9,Article List Get,200,,Article List Test 3-8,text,true,,20169,172,1,2,http://localhost:8072/articles?page=1&size=10,9,0,0
1773141754556,8,Article List Get,200,,Article List Test 3-8,text,true,,20169,172,1,2,http://localhost:8072/articles?page=1&size=10,8,0,0
1773141754564,10,Article List Get,200,,Article List Test 3-8,text,true,,20169,172,1,2,http://localhost:8072/articles?page=1&size=10,10,0,0
1773141754574,8,Article List Get,200,,Article List Test 3-8,text,true,,20169,172,1,2,http://localhost:8072/articles?page=1&size=10,7,0,0
1773141754582,8,Article List Get,200,,Article List Test 3-8,text,true,,20169,172,1,2,http://localhost:8072/articles?page=1&size=10,8,0,0
1773141754590,7,Article List Get,200,,Article List Test 3-8,text,true,,20169,172,1,2,http://localhost:8072/articles?page=1&size=10,6,0,0
1773141754597,8,Article List Get,200,,Article List Test 3-8,text,true,,20169,172,1,1,http://localhost:8072/articles?page=1&size=10,8,0,0
1773141754605,8,Article List Get,200,,Article List Test 3-8,text,true,,20169,172,1,1,http://localhost:8072/articles?page=1&size=10,8,0,0
1773141754614,7,Article List Get,200,,Article List Test 3-8,text,true,,20169,172,1,1,http://localhost:8072/articles?page=1&size=10,7,0,0
1773141754621,8,Article List Get,200,,Article List Test 3-8,text,true,,20169,172,1,1,http://localhost:8072/articles?page=1&size=10,7,0,0
1773141754629,9,Article List Get,200,,Article List Test 3-8,text,true,,20169,172,1,1,http://localhost:8072/articles?page=1&size=10,9,0,0
1773141754638,7,Article List Get,200,,Article List Test 3-8,text,true,,20169,172,1,1,http://localhost:8072/articles?page=1&size=10,7,0,0
1773141754645,7,Article List Get,200,,Article List Test 3-8,text,true,,20169,172,1,1,http://localhost:8072/articles?page=1&size=10,7,0,0
1773141754652,8,Article List Get,200,,Article List Test 3-8,text,true,,20169,172,1,1,http://localhost:8072/articles?page=1&size=10,8,0,0
1773141754661,8,Article List Get,200,,Article List Test 3-8,text,true,,20169,172,1,1,http://localhost:8072/articles?page=1&size=10,8,0,0
1773141754669,8,Article List Get,200,,Article List Test 3-8,text,true,,20169,172,1,1,http://localhost:8072/articles?page=1&size=10,8,0,0
1773141754677,8,Article List Get,200,,Article List Test 3-8,text,true,,20169,172,1,1,http://localhost:8072/articles?page=1&size=10,8,0,0
1773141754685,7,Article List Get,200,,Article List Test 3-8,text,true,,20169,172,1,1,http://localhost:8072/articles?page=1&size=10,7,0,0
1773141754761,11,Article List Get,200,,Article List Test 3-9,text,true,,20169,172,1,3,http://localhost:8072/articles?page=1&size=10,11,0,1
1773141754772,9,Article List Get,200,,Article List Test 3-9,text,true,,20169,172,1,3,http://localhost:8072/articles?page=1&size=10,9,0,0
1773141754782,13,Article List Get,200,,Article List Test 3-9,text,true,,20169,172,1,3,http://localhost:8072/articles?page=1&size=10,12,0,0
1773141754795,7,Article List Get,200,,Article List Test 3-9,text,true,,20169,172,1,3,http://localhost:8072/articles?page=1&size=10,7,0,0
1773141754803,8,Article List Get,200,,Article List Test 3-9,text,true,,20169,172,1,3,http://localhost:8072/articles?page=1&size=10,8,0,0
1773141754811,9,Article List Get,200,,Article List Test 3-9,text,true,,20169,172,1,3,http://localhost:8072/articles?page=1&size=10,9,0,0
1773141754821,10,Article List Get,200,,Article List Test 3-9,text,true,,20169,172,1,3,http://localhost:8072/articles?page=1&size=10,10,0,0
1773141754831,9,Article List Get,200,,Article List Test 3-9,text,true,,20169,172,1,3,http://localhost:8072/articles?page=1&size=10,9,0,0
1773141754840,10,Article List Get,200,,Article List Test 3-9,text,true,,20169,172,1,3,http://localhost:8072/articles?page=1&size=10,10,0,0
1773141754850,12,Article List Get,200,,Article List Test 3-9,text,true,,20169,172,1,3,http://localhost:8072/articles?page=1&size=10,11,0,0
1773141754862,9,Article List Get,200,,Article List Test 3-9,text,true,,20169,172,1,3,http://localhost:8072/articles?page=1&size=10,9,0,0
1773141754871,12,Article List Get,200,,Article List Test 3-9,text,true,,20169,172,1,3,http://localhost:8072/articles?page=1&size=10,11,0,0
1773141754883,11,Article List Get,200,,Article List Test 3-9,text,true,,20169,172,1,3,http://localhost:8072/articles?page=1&size=10,11,0,0
1773141754894,11,Article List Get,200,,Article List Test 3-9,text,true,,20169,172,1,3,http://localhost:8072/articles?page=1&size=10,10,0,0
1773141754905,10,Article List Get,200,,Article List Test 3-9,text,true,,20169,172,1,3,http://localhost:8072/articles?page=1&size=10,9,0,0
1773141754915,12,Article List Get,200,,Article List Test 3-9,text,true,,20169,172,1,3,http://localhost:8072/articles?page=1&size=10,11,0,0
1773141754927,10,Article List Get,200,,Article List Test 3-9,text,true,,20169,172,1,3,http://localhost:8072/articles?page=1&size=10,10,0,0
1773141754937,12,Article List Get,200,,Article List Test 3-9,text,true,,20169,172,1,3,http://localhost:8072/articles?page=1&size=10,11,0,0
1773141754949,10,Article List Get,200,,Article List Test 3-9,text,true,,20169,172,1,3,http://localhost:8072/articles?page=1&size=10,10,0,0
1773141754959,9,Article List Get,200,,Article List Test 3-9,text,true,,20169,172,1,3,http://localhost:8072/articles?page=1&size=10,9,0,0
1773141754968,10,Article List Get,200,,Article List Test 3-9,text,true,,20169,172,1,3,http://localhost:8072/articles?page=1&size=10,10,0,0
1773141754978,9,Article List Get,200,,Article List Test 3-9,text,true,,20169,172,1,3,http://localhost:8072/articles?page=1&size=10,9,0,0
1773141754988,9,Article List Get,200,,Article List Test 3-9,text,true,,20169,172,1,3,http://localhost:8072/articles?page=1&size=10,9,0,0
1773141754997,9,Article List Get,200,,Article List Test 3-9,text,true,,20169,172,1,3,http://localhost:8072/articles?page=1&size=10,9,0,0
1773141755006,10,Article List Get,200,,Article List Test 3-9,text,true,,20169,172,1,3,http://localhost:8072/articles?page=1&size=10,10,0,0
1773141755016,8,Article List Get,200,,Article List Test 3-9,text,true,,20169,172,1,3,http://localhost:8072/articles?page=1&size=10,8,0,0
1773141755025,8,Article List Get,200,,Article List Test 3-9,text,true,,20169,172,1,3,http://localhost:8072/articles?page=1&size=10,8,0,0
1773141755033,10,Article List Get,200,,Article List Test 3-9,text,true,,20169,172,1,2,http://localhost:8072/articles?page=1&size=10,9,0,0
1773141755043,8,Article List Get,200,,Article List Test 3-9,text,true,,20169,172,1,2,http://localhost:8072/articles?page=1&size=10,8,0,0
1773141755051,8,Article List Get,200,,Article List Test 3-9,text,true,,20169,172,1,2,http://localhost:8072/articles?page=1&size=10,8,0,0
1773141755059,8,Article List Get,200,,Article List Test 3-9,text,true,,20169,172,1,2,http://localhost:8072/articles?page=1&size=10,8,0,0
1773141755068,10,Article List Get,200,,Article List Test 3-9,text,true,,20169,172,1,2,http://localhost:8072/articles?page=1&size=10,10,0,0
1773141755078,9,Article List Get,200,,Article List Test 3-9,text,true,,20169,172,1,2,http://localhost:8072/articles?page=1&size=10,9,0,0
1773141755087,9,Article List Get,200,,Article List Test 3-9,text,true,,20169,172,1,2,http://localhost:8072/articles?page=1&size=10,8,0,0
1773141755096,9,Article List Get,200,,Article List Test 3-9,text,true,,20169,172,1,2,http://localhost:8072/articles?page=1&size=10,9,0,0
1773141755105,9,Article List Get,200,,Article List Test 3-9,text,true,,20169,172,1,2,http://localhost:8072/articles?page=1&size=10,8,0,0
1773141755114,8,Article List Get,200,,Article List Test 3-9,text,true,,20169,172,1,2,http://localhost:8072/articles?page=1&size=10,7,0,0
1773141755122,9,Article List Get,200,,Article List Test 3-9,text,true,,20169,172,1,2,http://localhost:8072/articles?page=1&size=10,9,0,0
1773141755131,10,Article List Get,200,,Article List Test 3-9,text,true,,20169,172,1,1,http://localhost:8072/articles?page=1&size=10,10,0,0
1773141755141,9,Article List Get,200,,Article List Test 3-9,text,true,,20169,172,1,1,http://localhost:8072/articles?page=1&size=10,8,0,0
1773141755150,7,Article List Get,200,,Article List Test 3-9,text,true,,20169,172,1,1,http://localhost:8072/articles?page=1&size=10,7,0,0
1773141755158,8,Article List Get,200,,Article List Test 3-9,text,true,,20169,172,1,1,http://localhost:8072/articles?page=1&size=10,8,0,0
1773141755166,9,Article List Get,200,,Article List Test 3-9,text,true,,20169,172,1,1,http://localhost:8072/articles?page=1&size=10,8,0,0
1773141755175,7,Article List Get,200,,Article List Test 3-9,text,true,,20169,172,1,1,http://localhost:8072/articles?page=1&size=10,7,0,0
1773141755182,9,Article List Get,200,,Article List Test 3-9,text,true,,20169,172,1,1,http://localhost:8072/articles?page=1&size=10,8,0,0
1773141755191,11,Article List Get,200,,Article List Test 3-9,text,true,,20169,172,1,1,http://localhost:8072/articles?page=1&size=10,11,0,0
1773141755202,11,Article List Get,200,,Article List Test 3-9,text,true,,20169,172,1,1,http://localhost:8072/articles?page=1&size=10,10,0,0
1773141755213,9,Article List Get,200,,Article List Test 3-9,text,true,,20169,172,1,1,http://localhost:8072/articles?page=1&size=10,9,0,0
1773141755222,10,Article List Get,200,,Article List Test 3-9,text,true,,20169,172,1,1,http://localhost:8072/articles?page=1&size=10,10,0,0
1773141755233,8,Article List Get,200,,Article List Test 3-9,text,true,,20169,172,1,1,http://localhost:8072/articles?page=1&size=10,8,0,0
1773141755261,13,Article List Get,200,,Article List Test 3-10,text,true,,20169,172,1,3,http://localhost:8072/articles?page=1&size=10,12,0,2
1773141755274,11,Article List Get,200,,Article List Test 3-10,text,true,,20169,172,1,3,http://localhost:8072/articles?page=1&size=10,10,0,0
1773141755285,12,Article List Get,200,,Article List Test 3-10,text,true,,20169,172,1,3,http://localhost:8072/articles?page=1&size=10,12,0,0
1773141755297,10,Article List Get,200,,Article List Test 3-10,text,true,,20169,172,1,3,http://localhost:8072/articles?page=1&size=10,10,0,0
1773141755307,11,Article List Get,200,,Article List Test 3-10,text,true,,20169,172,1,3,http://localhost:8072/articles?page=1&size=10,11,0,0
1773141755318,12,Article List Get,200,,Article List Test 3-10,text,true,,20169,172,1,3,http://localhost:8072/articles?page=1&size=10,12,0,0
1773141755331,10,Article List Get,200,,Article List Test 3-10,text,true,,20169,172,1,3,http://localhost:8072/articles?page=1&size=10,10,0,0
1773141755341,10,Article List Get,200,,Article List Test 3-10,text,true,,20169,172,1,3,http://localhost:8072/articles?page=1&size=10,9,0,0
1773141755351,11,Article List Get,200,,Article List Test 3-10,text,true,,20169,172,1,3,http://localhost:8072/articles?page=1&size=10,11,0,0
1773141755363,10,Article List Get,200,,Article List Test 3-10,text,true,,20169,172,1,3,http://localhost:8072/articles?page=1&size=10,10,0,0
1773141755373,9,Article List Get,200,,Article List Test 3-10,text,true,,20169,172,1,3,http://localhost:8072/articles?page=1&size=10,9,0,0
1773141755383,9,Article List Get,200,,Article List Test 3-10,text,true,,20169,172,1,3,http://localhost:8072/articles?page=1&size=10,9,0,0
1773141755393,9,Article List Get,200,,Article List Test 3-10,text,true,,20169,172,1,3,http://localhost:8072/articles?page=1&size=10,9,0,0
1773141755402,8,Article List Get,200,,Article List Test 3-10,text,true,,20169,172,1,3,http://localhost:8072/articles?page=1&size=10,8,0,0
1773141755411,11,Article List Get,200,,Article List Test 3-10,text,true,,20169,172,1,3,http://localhost:8072/articles?page=1&size=10,10,0,0
1773141755422,11,Article List Get,200,,Article List Test 3-10,text,true,,20169,172,1,3,http://localhost:8072/articles?page=1&size=10,11,0,0
1773141755433,8,Article List Get,200,,Article List Test 3-10,text,true,,20169,172,1,3,http://localhost:8072/articles?page=1&size=10,8,0,0
1773141755442,14,Article List Get,200,,Article List Test 3-10,text,true,,20169,172,1,3,http://localhost:8072/articles?page=1&size=10,14,0,0
1773141755457,9,Article List Get,200,,Article List Test 3-10,text,true,,20169,172,1,3,http://localhost:8072/articles?page=1&size=10,9,0,0
1773141755466,10,Article List Get,200,,Article List Test 3-10,text,true,,20169,172,1,3,http://localhost:8072/articles?page=1&size=10,9,0,0
1773141755476,11,Article List Get,200,,Article List Test 3-10,text,true,,20169,172,1,3,http://localhost:8072/articles?page=1&size=10,10,0,0
1773141755487,10,Article List Get,200,,Article List Test 3-10,text,true,,20169,172,1,3,http://localhost:8072/articles?page=1&size=10,9,0,0
1773141755497,10,Article List Get,200,,Article List Test 3-10,text,true,,20169,172,1,3,http://localhost:8072/articles?page=1&size=10,9,0,0
1773141755507,10,Article List Get,200,,Article List Test 3-10,text,true,,20169,172,1,3,http://localhost:8072/articles?page=1&size=10,9,0,0
1773141755517,8,Article List Get,200,,Article List Test 3-10,text,true,,20169,172,1,3,http://localhost:8072/articles?page=1&size=10,8,0,0
1773141755525,8,Article List Get,200,,Article List Test 3-10,text,true,,20169,172,1,3,http://localhost:8072/articles?page=1&size=10,8,0,0
1773141755533,9,Article List Get,200,,Article List Test 3-10,text,true,,20169,172,1,2,http://localhost:8072/articles?page=1&size=10,9,0,0
1773141755542,8,Article List Get,200,,Article List Test 3-10,text,true,,20169,172,1,2,http://localhost:8072/articles?page=1&size=10,8,0,0
1773141755550,8,Article List Get,200,,Article List Test 3-10,text,true,,20169,172,1,2,http://localhost:8072/articles?page=1&size=10,8,0,0
1773141755558,7,Article List Get,200,,Article List Test 3-10,text,true,,20169,172,1,2,http://localhost:8072/articles?page=1&size=10,7,0,0
1773141755565,8,Article List Get,200,,Article List Test 3-10,text,true,,20169,172,1,2,http://localhost:8072/articles?page=1&size=10,8,0,0
1773141755574,7,Article List Get,200,,Article List Test 3-10,text,true,,20169,172,1,2,http://localhost:8072/articles?page=1&size=10,7,0,0
1773141755581,7,Article List Get,200,,Article List Test 3-10,text,true,,20169,172,1,2,http://localhost:8072/articles?page=1&size=10,7,0,0
1773141755588,7,Article List Get,200,,Article List Test 3-10,text,true,,20169,172,1,2,http://localhost:8072/articles?page=1&size=10,6,0,0
1773141755595,8,Article List Get,200,,Article List Test 3-10,text,true,,20169,172,1,2,http://localhost:8072/articles?page=1&size=10,8,0,0
1773141755603,8,Article List Get,200,,Article List Test 3-10,text,true,,20169,172,1,2,http://localhost:8072/articles?page=1&size=10,8,0,0
1773141755611,8,Article List Get,200,,Article List Test 3-10,text,true,,20169,172,1,2,http://localhost:8072/articles?page=1&size=10,8,0,0
1773141755619,7,Article List Get,200,,Article List Test 3-10,text,true,,20169,172,1,1,http://localhost:8072/articles?page=1&size=10,7,0,0
1773141755626,9,Article List Get,200,,Article List Test 3-10,text,true,,20169,172,1,1,http://localhost:8072/articles?page=1&size=10,9,0,0
1773141755635,8,Article List Get,200,,Article List Test 3-10,text,true,,20169,172,1,1,http://localhost:8072/articles?page=1&size=10,8,0,0
1773141755643,8,Article List Get,200,,Article List Test 3-10,text,true,,20169,172,1,1,http://localhost:8072/articles?page=1&size=10,8,0,0
1773141755651,7,Article List Get,200,,Article List Test 3-10,text,true,,20169,172,1,1,http://localhost:8072/articles?page=1&size=10,7,0,0
1773141755659,7,Article List Get,200,,Article List Test 3-10,text,true,,20169,172,1,1,http://localhost:8072/articles?page=1&size=10,7,0,0
1773141755667,9,Article List Get,200,,Article List Test 3-10,text,true,,20169,172,1,1,http://localhost:8072/articles?page=1&size=10,8,0,0
1773141755676,7,Article List Get,200,,Article List Test 3-10,text,true,,20169,172,1,1,http://localhost:8072/articles?page=1&size=10,6,0,0
1773141755683,7,Article List Get,200,,Article List Test 3-10,text,true,,20169,172,1,1,http://localhost:8072/articles?page=1&size=10,7,0,0
1773141755690,9,Article List Get,200,,Article List Test 3-10,text,true,,20169,172,1,1,http://localhost:8072/articles?page=1&size=10,8,0,0
1773141755699,8,Article List Get,200,,Article List Test 3-10,text,true,,20169,172,1,1,http://localhost:8072/articles?page=1&size=10,8,0,0
1773141755707,7,Article List Get,200,,Article List Test 3-10,text,true,,20169,172,1,1,http://localhost:8072/articles?page=1&size=10,7,0,0
1773141755715,8,Article List Get,200,,Article List Test 3-10,text,true,,20169,172,1,1,http://localhost:8072/articles?page=1&size=10,8,0,0
